{
    "blockRenderSettings": {
        "anim-speed": 700,
        "colour-period": 2,
        "smooth-mix": true,
        "anim-with-distance": true,
        "reverse-animation-direction": false,
        "line-width": 5,
        "colours": [
            "#7594f0ff",
            "#536398ff",
            "#000000ff",
            "#536398ff",
            "#7594f0ff"
        ],
        "anim-along-lines": false
    },
    "hitboxRenderSettings": {
        "anim-speed": 400,
        "colour-period": 1,
        "smooth-mix": false,
        "anim-with-distance": false,
        "reverse-animation-direction": false,
        "line-width": 3,
        "colours": [
            "#7594f0ff",
            "#536398ff",
            "#000000ff",
            "#536398ff",
            "#7594f0ff"
        ],
        "anim-along-lines": true,
        "apply-to-all-hitbox-lines": false
    },
    "customName": "Finality Mote Outline",
    "formatVersion": 6
}